panel,metric,value,value_percent,n,true_fog,true_mist,true_clear,station,low_true,low_pred,true_class,predicted_class,count
overall_metrics,low_vis_precision,0.1829436038011159,18.29436038011159,221371.0,718.0,624.0,220029.0,,,,,,
overall_metrics,low_vis_recall,0.4955290607335849,49.552906073358486,221371.0,718.0,624.0,220029.0,,,,,,
overall_metrics,low_vis_csi,0.1542207791850137,15.42207791850137,221371.0,718.0,624.0,220029.0,,,,,,
overall_metrics,false_positive_rate,0.0134982206890296,1.34982206890296,221371.0,718.0,624.0,220029.0,,,,,,
overall_metrics,accuracy,0.98256320836966,98.25632083696601,221371.0,718.0,624.0,220029.0,,,,,,
overall_metrics,Fog_P,0.1536077909899921,15.360779098999211,221371.0,718.0,624.0,220029.0,,,,,,
overall_metrics,Fog_R,0.4832869074048929,48.328690740489286,221371.0,718.0,624.0,220029.0,,,,,,
overall_metrics,Fog_CSI,0.1319391634479318,13.19391634479318,221371.0,718.0,624.0,220029.0,,,,,,
overall_metrics,Mist_P,0.0763081394794272,7.630813947942721,221371.0,718.0,624.0,220029.0,,,,,,
overall_metrics,Mist_R,0.1682692304995685,16.82692304995685,221371.0,718.0,624.0,220029.0,,,,,,
overall_metrics,Mist_CSI,0.0554089709470137,5.54089709470137,221371.0,718.0,624.0,220029.0,,,,,,
station_event_sites,low_vis_precision,0.5238094988662143,52.38094988662143,1285.0,,,,ZBAD,12.0,21.0,,,
station_event_sites,low_vis_recall,0.9166665902777842,91.66665902777842,1285.0,,,,ZBAD,12.0,21.0,,,
station_event_sites,accuracy,0.9898832684824904,98.98832684824905,1285.0,,,,ZBAD,12.0,21.0,,,
station_event_sites,low_vis_precision,0.0,0.0,1285.0,,,,ZBAL,5.0,0.0,,,
station_event_sites,low_vis_recall,0.0,0.0,1285.0,,,,ZBAL,5.0,0.0,,,
station_event_sites,accuracy,0.9961089494163424,99.61089494163424,1285.0,,,,ZBAL,5.0,0.0,,,
station_event_sites,low_vis_precision,0.1999999933333335,19.99999933333335,1285.0,,,,ZBDH,15.0,30.0,,,
station_event_sites,low_vis_recall,0.3999999733333351,39.99999733333351,1285.0,,,,ZBDH,15.0,30.0,,,
station_event_sites,accuracy,0.9712062256809338,97.12062256809338,1285.0,,,,ZBDH,15.0,30.0,,,
station_event_sites,low_vis_precision,0.2499999375000156,24.999993750001558,1285.0,,,,ZBDS,1.0,4.0,,,
station_event_sites,low_vis_recall,0.999999000001,99.9999000001,1285.0,,,,ZBDS,1.0,4.0,,,
station_event_sites,accuracy,0.9976653696498056,99.76653696498056,1285.0,,,,ZBDS,1.0,4.0,,,
station_event_sites,low_vis_precision,0.0,0.0,1285.0,,,,ZBDT,2.0,2.0,,,
station_event_sites,low_vis_recall,0.0,0.0,1285.0,,,,ZBDT,2.0,2.0,,,
station_event_sites,accuracy,0.996887159533074,99.68871595330741,1285.0,,,,ZBDT,2.0,2.0,,,
station_event_sites,low_vis_precision,0.0,0.0,1285.0,,,,ZBES,3.0,0.0,,,
station_event_sites,low_vis_recall,0.0,0.0,1285.0,,,,ZBES,3.0,0.0,,,
station_event_sites,accuracy,0.9976653696498056,99.76653696498056,1285.0,,,,ZBES,3.0,0.0,,,
station_event_sites,low_vis_precision,0.5666666477777784,56.66666477777784,1285.0,,,,ZBHD,27.0,30.0,,,
station_event_sites,low_vis_recall,0.6296296063100145,62.96296063100145,1285.0,,,,ZBHD,27.0,30.0,,,
station_event_sites,accuracy,0.980544747081712,98.0544747081712,1285.0,,,,ZBHD,27.0,30.0,,,
station_event_sites,low_vis_precision,0.0,0.0,1285.0,,,,ZBHH,1.0,8.0,,,
station_event_sites,low_vis_recall,0.0,0.0,1285.0,,,,ZBHH,1.0,8.0,,,
station_event_sites,accuracy,0.9929961089494164,99.29961089494164,1285.0,,,,ZBHH,1.0,8.0,,,
station_event_sites,low_vis_precision,0.0,0.0,1285.0,,,,ZBLF,1.0,3.0,,,
station_event_sites,low_vis_recall,0.0,0.0,1285.0,,,,ZBLF,1.0,3.0,,,
station_event_sites,accuracy,0.996887159533074,99.68871595330741,1285.0,,,,ZBLF,1.0,3.0,,,
station_event_sites,low_vis_precision,0.1818181652892577,18.181816528925772,1285.0,,,,ZBLL,3.0,11.0,,,
station_event_sites,low_vis_recall,0.6666664444445185,66.66664444445185,1285.0,,,,ZBLL,3.0,11.0,,,
station_event_sites,accuracy,0.9922178988326849,99.22178988326849,1285.0,,,,ZBLL,3.0,11.0,,,
station_event_sites,low_vis_precision,0.0,0.0,1285.0,,,,ZBOW,2.0,6.0,,,
station_event_sites,low_vis_recall,0.0,0.0,1285.0,,,,ZBOW,2.0,6.0,,,
station_event_sites,accuracy,0.993774319066148,99.3774319066148,1285.0,,,,ZBOW,2.0,6.0,,,
station_event_sites,low_vis_precision,0.3999999885714289,39.999998857142884,1285.0,,,,ZBSJ,15.0,35.0,,,
station_event_sites,low_vis_recall,0.9333332711111152,93.33332711111152,1285.0,,,,ZBSJ,15.0,35.0,,,
station_event_sites,accuracy,0.9813229571984436,98.13229571984436,1285.0,,,,ZBSJ,15.0,35.0,,,
station_event_sites,low_vis_precision,0.0,0.0,1285.0,,,,ZBSN,4.0,20.0,,,
station_event_sites,low_vis_recall,0.0,0.0,1285.0,,,,ZBSN,4.0,20.0,,,
station_event_sites,accuracy,0.9813229571984436,98.13229571984436,1285.0,,,,ZBSN,4.0,20.0,,,
station_event_sites,low_vis_precision,0.4210526204986153,42.10526204986153,1285.0,,,,ZBXT,26.0,38.0,,,
station_event_sites,low_vis_recall,0.6153845917159773,61.53845917159772,1285.0,,,,ZBXT,26.0,38.0,,,
station_event_sites,accuracy,0.9712062256809338,97.12062256809338,1285.0,,,,ZBXT,26.0,38.0,,,
station_event_sites,low_vis_precision,0.0,0.0,1285.0,,,,ZBXZ,2.0,1.0,,,
station_event_sites,low_vis_recall,0.0,0.0,1285.0,,,,ZBXZ,2.0,1.0,,,
station_event_sites,accuracy,0.9976653696498056,99.76653696498056,1285.0,,,,ZBXZ,2.0,1.0,,,
station_event_sites,low_vis_precision,0.0,0.0,1284.0,,,,ZBZL,3.0,0.0,,,
station_event_sites,low_vis_recall,0.0,0.0,1284.0,,,,ZBZL,3.0,0.0,,,
station_event_sites,accuracy,0.9976635514018692,99.76635514018693,1284.0,,,,ZBZL,3.0,0.0,,,
station_event_sites,low_vis_precision,0.0,0.0,1285.0,,,,ZGBH,1.0,10.0,,,
station_event_sites,low_vis_recall,0.0,0.0,1285.0,,,,ZGBH,1.0,10.0,,,
station_event_sites,accuracy,0.9914396887159532,99.14396887159532,1285.0,,,,ZGBH,1.0,10.0,,,
station_event_sites,low_vis_precision,0.0,0.0,1285.0,,,,ZGBS,1.0,1.0,,,
station_event_sites,low_vis_recall,0.0,0.0,1285.0,,,,ZGBS,1.0,1.0,,,
station_event_sites,accuracy,0.998443579766537,99.8443579766537,1285.0,,,,ZGBS,1.0,1.0,,,
station_event_sites,low_vis_precision,0.0,0.0,1285.0,,,,ZGCD,2.0,5.0,,,
station_event_sites,low_vis_recall,0.0,0.0,1285.0,,,,ZGCD,2.0,5.0,,,
station_event_sites,accuracy,0.9945525291828794,99.45525291828794,1285.0,,,,ZGCD,2.0,5.0,,,
station_event_sites,low_vis_precision,0.0,0.0,1285.0,,,,ZGHY,7.0,0.0,,,
station_event_sites,low_vis_recall,0.0,0.0,1285.0,,,,ZGHY,7.0,0.0,,,
station_event_sites,accuracy,0.9945525291828794,99.45525291828794,1285.0,,,,ZGHY,7.0,0.0,,,
station_event_sites,low_vis_precision,0.0,0.0,1285.0,,,,ZGKL,15.0,0.0,,,
station_event_sites,low_vis_recall,0.0,0.0,1285.0,,,,ZGKL,15.0,0.0,,,
station_event_sites,accuracy,0.9883268482490272,98.83268482490271,1285.0,,,,ZGKL,15.0,0.0,,,
station_event_sites,low_vis_precision,0.1176470519031145,11.76470519031145,1285.0,,,,ZHHH,2.0,17.0,,,
station_event_sites,low_vis_recall,0.99999950000025,99.999950000025,1285.0,,,,ZHHH,2.0,17.0,,,
station_event_sites,accuracy,0.9883268482490272,98.83268482490271,1285.0,,,,ZHHH,2.0,17.0,,,
station_event_sites,low_vis_precision,0.6666665555555741,66.66665555555741,1285.0,,,,ZHJZ,14.0,6.0,,,
station_event_sites,low_vis_recall,0.2857142653061239,28.571426530612392,1285.0,,,,ZHJZ,14.0,6.0,,,
station_event_sites,accuracy,0.9898832684824904,98.98832684824905,1285.0,,,,ZHJZ,14.0,6.0,,,
station_event_sites,low_vis_precision,0.0,0.0,1285.0,,,,ZHLY,1.0,3.0,,,
station_event_sites,low_vis_recall,0.0,0.0,1285.0,,,,ZHLY,1.0,3.0,,,
station_event_sites,accuracy,0.996887159533074,99.68871595330741,1285.0,,,,ZHLY,1.0,3.0,,,
station_event_sites,low_vis_precision,0.0,0.0,1285.0,,,,ZHNY,5.0,9.0,,,
station_event_sites,low_vis_recall,0.0,0.0,1285.0,,,,ZHNY,5.0,9.0,,,
station_event_sites,accuracy,0.9891050583657588,98.91050583657588,1285.0,,,,ZHNY,5.0,9.0,,,
station_event_sites,low_vis_precision,0.1249999947916668,12.49999947916668,1285.0,,,,ZHSY,5.0,24.0,,,
station_event_sites,low_vis_recall,0.599999880000024,59.9999880000024,1285.0,,,,ZHSY,5.0,24.0,,,
station_event_sites,accuracy,0.980544747081712,98.0544747081712,1285.0,,,,ZHSY,5.0,24.0,,,
station_event_sites,low_vis_precision,0.0,0.0,1285.0,,,,ZHXF,1.0,4.0,,,
station_event_sites,low_vis_recall,0.0,0.0,1285.0,,,,ZHXF,1.0,4.0,,,
station_event_sites,accuracy,0.9961089494163424,99.61089494163424,1285.0,,,,ZHXF,1.0,4.0,,,
station_event_sites,low_vis_precision,0.1999999933333335,19.99999933333335,1285.0,,,,ZHXY,6.0,30.0,,,
station_event_sites,low_vis_recall,0.9999998333333612,99.99998333333612,1285.0,,,,ZHXY,6.0,30.0,,,
station_event_sites,accuracy,0.9813229571984436,98.13229571984436,1285.0,,,,ZHXY,6.0,30.0,,,
station_event_sites,low_vis_precision,0.0,0.0,1285.0,,,,ZHYC,3.0,10.0,,,
station_event_sites,low_vis_recall,0.0,0.0,1285.0,,,,ZHYC,3.0,10.0,,,
station_event_sites,accuracy,0.9898832684824904,98.98832684824905,1285.0,,,,ZHYC,3.0,10.0,,,
station_event_sites,low_vis_precision,0.7142856122449125,71.42856122449125,1285.0,,,,ZLAK,24.0,7.0,,,
station_event_sites,low_vis_recall,0.2083333246527781,20.83333246527781,1285.0,,,,ZLAK,24.0,7.0,,,
station_event_sites,accuracy,0.9797665369649804,97.97665369649803,1285.0,,,,ZLAK,24.0,7.0,,,
station_event_sites,low_vis_precision,0.0,0.0,1285.0,,,,ZLDH,1.0,2.0,,,
station_event_sites,low_vis_recall,0.0,0.0,1285.0,,,,ZLDH,1.0,2.0,,,
station_event_sites,accuracy,0.9976653696498056,99.76653696498056,1285.0,,,,ZLDH,1.0,2.0,,,
station_event_sites,low_vis_precision,0.0782122900658531,7.821229006585311,1285.0,,,,ZLHZ,20.0,179.0,,,
station_event_sites,low_vis_recall,0.6999999650000017,69.99999650000018,1285.0,,,,ZLHZ,20.0,179.0,,,
station_event_sites,accuracy,0.8591439688715953,85.91439688715953,1285.0,,,,ZLHZ,20.0,179.0,,,
station_event_sites,low_vis_precision,0.399999920000016,39.9999920000016,1285.0,,,,ZLJC,8.0,5.0,,,
station_event_sites,low_vis_recall,0.2499999687500039,24.99999687500039,1285.0,,,,ZLJC,8.0,5.0,,,
station_event_sites,accuracy,0.9929961089494164,99.29961089494164,1285.0,,,,ZLJC,8.0,5.0,,,
station_event_sites,low_vis_precision,0.1111111049382719,11.11111049382719,1285.0,,,,ZLJQ,14.0,18.0,,,
station_event_sites,low_vis_recall,0.1428571326530619,14.28571326530619,1285.0,,,,ZLJQ,14.0,18.0,,,
station_event_sites,accuracy,0.9766536964980544,97.66536964980544,1285.0,,,,ZLJQ,14.0,18.0,,,
station_event_sites,low_vis_precision,0.0,0.0,1285.0,,,,ZLLL,2.0,0.0,,,
station_event_sites,low_vis_recall,0.0,0.0,1285.0,,,,ZLLL,2.0,0.0,,,
station_event_sites,accuracy,0.998443579766537,99.8443579766537,1285.0,,,,ZLLL,2.0,0.0,,,
station_event_sites,low_vis_precision,0.0303030293847566,3.03030293847566,1285.0,,,,ZLLN,1.0,33.0,,,
station_event_sites,low_vis_recall,0.999999000001,99.9999000001,1285.0,,,,ZLLN,1.0,33.0,,,
station_event_sites,accuracy,0.97431906614786,97.431906614786,1285.0,,,,ZLLN,1.0,33.0,,,
station_event_sites,low_vis_precision,0.0322580634755463,3.22580634755463,1285.0,,,,ZLQY,1.0,31.0,,,
station_event_sites,low_vis_recall,0.999999000001,99.9999000001,1285.0,,,,ZLQY,1.0,31.0,,,
station_event_sites,accuracy,0.9766536964980544,97.66536964980544,1285.0,,,,ZLQY,1.0,31.0,,,
station_event_sites,low_vis_precision,0.2307692130177528,23.07692130177528,1285.0,,,,ZLXY,3.0,13.0,,,
station_event_sites,low_vis_recall,0.9999996666667778,99.99996666667778,1285.0,,,,ZLXY,3.0,13.0,,,
station_event_sites,accuracy,0.9922178988326849,99.22178988326849,1285.0,,,,ZLXY,3.0,13.0,,,
station_event_sites,low_vis_precision,0.0,0.0,1285.0,,,,ZLZW,2.0,0.0,,,
station_event_sites,low_vis_recall,0.0,0.0,1285.0,,,,ZLZW,2.0,0.0,,,
station_event_sites,accuracy,0.998443579766537,99.8443579766537,1285.0,,,,ZLZW,2.0,0.0,,,
station_event_sites,low_vis_precision,0.0280373829155384,2.8037382915538402,1282.0,,,,ZPCW,3.0,107.0,,,
station_event_sites,low_vis_recall,0.9999996666667778,99.99996666667778,1282.0,,,,ZPCW,3.0,107.0,,,
station_event_sites,accuracy,0.9180967238689548,91.80967238689549,1282.0,,,,ZPCW,3.0,107.0,,,
station_event_sites,low_vis_precision,0.0126582276878705,1.26582276878705,1285.0,,,,ZPJM,5.0,79.0,,,
station_event_sites,low_vis_recall,0.199999960000008,19.9999960000008,1285.0,,,,ZPJM,5.0,79.0,,,
station_event_sites,accuracy,0.935408560311284,93.5408560311284,1285.0,,,,ZPJM,5.0,79.0,,,
station_event_sites,low_vis_precision,0.0434782589792061,4.347825897920609,1285.0,,,,ZPLC,1.0,23.0,,,
station_event_sites,low_vis_recall,0.999999000001,99.9999000001,1285.0,,,,ZPLC,1.0,23.0,,,
station_event_sites,accuracy,0.9828793774319066,98.28793774319065,1285.0,,,,ZPLC,1.0,23.0,,,
station_event_sites,low_vis_precision,0.0,0.0,1285.0,,,,ZPPP,7.0,37.0,,,
station_event_sites,low_vis_recall,0.0,0.0,1285.0,,,,ZPPP,7.0,37.0,,,
station_event_sites,accuracy,0.9657587548638132,96.57587548638132,1285.0,,,,ZPPP,7.0,37.0,,,
station_event_sites,low_vis_precision,0.4999998750000312,49.999987500003115,1285.0,,,,ZSCG,4.0,4.0,,,
station_event_sites,low_vis_recall,0.4999998750000312,49.999987500003115,1285.0,,,,ZSCG,4.0,4.0,,,
station_event_sites,accuracy,0.9961089494163424,99.61089494163424,1285.0,,,,ZSCG,4.0,4.0,,,
station_event_sites,low_vis_precision,0.0,0.0,1285.0,,,,ZSGS,2.0,10.0,,,
station_event_sites,low_vis_recall,0.0,0.0,1285.0,,,,ZSGS,2.0,10.0,,,
station_event_sites,accuracy,0.9906614785992218,99.06614785992218,1285.0,,,,ZSGS,2.0,10.0,,,
station_event_sites,low_vis_precision,0.4722222091049387,47.22222091049387,1285.0,,,,ZSHZ,22.0,36.0,,,
station_event_sites,low_vis_recall,0.7727272376033073,77.27272376033073,1285.0,,,,ZSHZ,22.0,36.0,,,
station_event_sites,accuracy,0.9813229571984436,98.13229571984436,1285.0,,,,ZSHZ,22.0,36.0,,,
station_event_sites,low_vis_precision,0.0769230710059176,7.692307100591759,1058.0,,,,ZSJH,1.0,13.0,,,
station_event_sites,low_vis_recall,0.999999000001,99.9999000001,1058.0,,,,ZSJH,1.0,13.0,,,
station_event_sites,accuracy,0.9877126654064272,98.77126654064273,1058.0,,,,ZSJH,1.0,13.0,,,
station_event_sites,low_vis_precision,0.1408450684388018,14.08450684388018,1285.0,,,,ZSJN,19.0,71.0,,,
station_event_sites,low_vis_recall,0.5263157617728547,52.63157617728547,1285.0,,,,ZSJN,19.0,71.0,,,
station_event_sites,accuracy,0.9431906614785992,94.31906614785991,1285.0,,,,ZSJN,19.0,71.0,,,
station_event_sites,low_vis_precision,0.0,0.0,1285.0,,,,ZSJU,2.0,0.0,,,
station_event_sites,low_vis_recall,0.0,0.0,1285.0,,,,ZSJU,2.0,0.0,,,
station_event_sites,accuracy,0.998443579766537,99.8443579766537,1285.0,,,,ZSJU,2.0,0.0,,,
station_event_sites,low_vis_precision,0.0714285688775511,7.1428568877551095,1285.0,,,,ZSLY,2.0,28.0,,,
station_event_sites,low_vis_recall,0.99999950000025,99.999950000025,1285.0,,,,ZSLY,2.0,28.0,,,
station_event_sites,accuracy,0.9782101167315176,97.82101167315176,1285.0,,,,ZSLY,2.0,28.0,,,
station_event_sites,low_vis_precision,0.0,0.0,1285.0,,,,ZSNJ,1.0,8.0,,,
station_event_sites,low_vis_recall,0.0,0.0,1285.0,,,,ZSNJ,1.0,8.0,,,
station_event_sites,accuracy,0.9929961089494164,99.29961089494164,1285.0,,,,ZSNJ,1.0,8.0,,,
station_event_sites,low_vis_precision,0.99999980000004,99.999980000004,1285.0,,,,ZSNT,6.0,5.0,,,
station_event_sites,low_vis_recall,0.8333331944444675,83.33331944444676,1285.0,,,,ZSNT,6.0,5.0,,,
station_event_sites,accuracy,0.998443579766537,99.8443579766537,1285.0,,,,ZSNT,6.0,5.0,,,
station_event_sites,low_vis_precision,0.0666666622222225,6.666666222222251,1285.0,,,,ZSOF,3.0,15.0,,,
station_event_sites,low_vis_recall,0.3333332222222592,33.33332222222592,1285.0,,,,ZSOF,3.0,15.0,,,
station_event_sites,accuracy,0.9875486381322958,98.75486381322958,1285.0,,,,ZSOF,3.0,15.0,,,
station_event_sites,low_vis_precision,0.3571428316326549,35.71428316326549,1285.0,,,,ZSQD,7.0,14.0,,,
station_event_sites,low_vis_recall,0.7142856122449125,71.42856122449125,1285.0,,,,ZSQD,7.0,14.0,,,
station_event_sites,accuracy,0.9906614785992218,99.06614785992218,1285.0,,,,ZSQD,7.0,14.0,,,
station_event_sites,low_vis_precision,0.0882352915224914,8.82352915224914,1285.0,,,,ZSRZ,4.0,34.0,,,
station_event_sites,low_vis_recall,0.7499998125000469,74.9999812500047,1285.0,,,,ZSRZ,4.0,34.0,,,
station_event_sites,accuracy,0.9750972762645914,97.50972762645914,1285.0,,,,ZSRZ,4.0,34.0,,,
station_event_sites,low_vis_precision,0.2799999888000004,27.99999888000004,1285.0,,,,ZSSH,11.0,25.0,,,
station_event_sites,low_vis_recall,0.636363578512402,63.6363578512402,1285.0,,,,ZSSH,11.0,25.0,,,
station_event_sites,accuracy,0.982101167315175,98.2101167315175,1285.0,,,,ZSSH,11.0,25.0,,,
station_event_sites,low_vis_precision,0.6461538362130179,64.61538362130179,1285.0,,,,ZSSM,82.0,65.0,,,
station_event_sites,low_vis_recall,0.5121951157049376,51.21951157049376,1285.0,,,,ZSSM,82.0,65.0,,,
station_event_sites,accuracy,0.9494163424124512,94.94163424124513,1285.0,,,,ZSSM,82.0,65.0,,,
station_event_sites,low_vis_precision,0.1428571224489825,14.28571224489825,1285.0,,,,ZSSR,2.0,7.0,,,
station_event_sites,low_vis_recall,0.499999750000125,49.9999750000125,1285.0,,,,ZSSR,2.0,7.0,,,
station_event_sites,accuracy,0.9945525291828794,99.45525291828794,1285.0,,,,ZSSR,2.0,7.0,,,
station_event_sites,low_vis_precision,0.0624999960937502,6.24999960937502,1285.0,,,,ZSTX,3.0,16.0,,,
station_event_sites,low_vis_recall,0.3333332222222592,33.33332222222592,1285.0,,,,ZSTX,3.0,16.0,,,
station_event_sites,accuracy,0.9867704280155642,98.67704280155642,1285.0,,,,ZSTX,3.0,16.0,,,
station_event_sites,low_vis_precision,0.0,0.0,1285.0,,,,ZSWA,3.0,0.0,,,
station_event_sites,low_vis_recall,0.0,0.0,1285.0,,,,ZSWA,3.0,0.0,,,
station_event_sites,accuracy,0.9976653696498056,99.76653696498056,1285.0,,,,ZSWA,3.0,0.0,,,
station_event_sites,low_vis_precision,0.5384614970414233,53.846149704142334,1285.0,,,,ZSWF,8.0,13.0,,,
station_event_sites,low_vis_recall,0.8749998906250137,87.49998906250137,1285.0,,,,ZSWF,8.0,13.0,,,
station_event_sites,accuracy,0.9922178988326849,99.22178988326849,1285.0,,,,ZSWF,8.0,13.0,,,
station_event_sites,low_vis_precision,0.163636360661157,16.3636360661157,1285.0,,,,ZSWH,10.0,55.0,,,
station_event_sites,low_vis_recall,0.8999999100000091,89.99999100000092,1285.0,,,,ZSWH,10.0,55.0,,,
station_event_sites,accuracy,0.9634241245136188,96.34241245136188,1285.0,,,,ZSWH,10.0,55.0,,,
station_event_sites,low_vis_precision,0.0,0.0,1285.0,,,,ZSWY,2.0,7.0,,,
station_event_sites,low_vis_recall,0.0,0.0,1285.0,,,,ZSWY,2.0,7.0,,,
station_event_sites,accuracy,0.9929961089494164,99.29961089494164,1285.0,,,,ZSWY,2.0,7.0,,,
station_event_sites,low_vis_precision,0.09090908815427,9.090908815427,1285.0,,,,ZSXZ,3.0,33.0,,,
station_event_sites,low_vis_recall,0.9999996666667778,99.99996666667778,1285.0,,,,ZSXZ,3.0,33.0,,,
station_event_sites,accuracy,0.97431906614786,97.431906614786,1285.0,,,,ZSXZ,3.0,33.0,,,
station_event_sites,low_vis_precision,0.2307692218934914,23.07692218934914,1285.0,,,,ZSYA,6.0,26.0,,,
station_event_sites,low_vis_recall,0.9999998333333612,99.99998333333612,1285.0,,,,ZSYA,6.0,26.0,,,
station_event_sites,accuracy,0.9828793774319066,98.28793774319065,1285.0,,,,ZSYA,6.0,26.0,,,
station_event_sites,low_vis_precision,0.0,0.0,1285.0,,,,ZSYC,1.0,4.0,,,
station_event_sites,low_vis_recall,0.0,0.0,1285.0,,,,ZSYC,1.0,4.0,,,
station_event_sites,accuracy,0.9961089494163424,99.61089494163424,1285.0,,,,ZSYC,1.0,4.0,,,
station_event_sites,low_vis_precision,0.2499999843750009,24.99999843750009,1285.0,,,,ZSYN,4.0,16.0,,,
station_event_sites,low_vis_recall,0.9999997500000624,99.99997500000623,1285.0,,,,ZSYN,4.0,16.0,,,
station_event_sites,accuracy,0.9898832684824904,98.98832684824905,1285.0,,,,ZSYN,4.0,16.0,,,
station_event_sites,low_vis_precision,0.0,0.0,1285.0,,,,ZSYT,4.0,13.0,,,
station_event_sites,low_vis_recall,0.0,0.0,1285.0,,,,ZSYT,4.0,13.0,,,
station_event_sites,accuracy,0.9867704280155642,98.67704280155642,1285.0,,,,ZSYT,4.0,13.0,,,
station_event_sites,low_vis_precision,0.0,0.0,1285.0,,,,ZSZS,1.0,17.0,,,
station_event_sites,low_vis_recall,0.0,0.0,1285.0,,,,ZSZS,1.0,17.0,,,
station_event_sites,accuracy,0.9859922178988328,98.59922178988329,1285.0,,,,ZSZS,1.0,17.0,,,
station_event_sites,low_vis_precision,0.0,0.0,1270.0,,,,ZUAS,15.0,17.0,,,
station_event_sites,low_vis_recall,0.0,0.0,1270.0,,,,ZUAS,15.0,17.0,,,
station_event_sites,accuracy,0.9748031496062992,97.48031496062993,1270.0,,,,ZUAS,15.0,17.0,,,
station_event_sites,low_vis_precision,0.0,0.0,1285.0,,,,ZUBD,1.0,1.0,,,
station_event_sites,low_vis_recall,0.0,0.0,1285.0,,,,ZUBD,1.0,1.0,,,
station_event_sites,accuracy,0.998443579766537,99.8443579766537,1285.0,,,,ZUBD,1.0,1.0,,,
station_event_sites,low_vis_precision,0.3809523749055178,38.09523749055178,807.0,,,,ZUBJ,29.0,63.0,,,
station_event_sites,low_vis_recall,0.8275861783590973,82.75861783590973,807.0,,,,ZUBJ,29.0,63.0,,,
station_event_sites,accuracy,0.9417596034696406,94.17596034696406,807.0,,,,ZUBJ,29.0,63.0,,,
station_event_sites,low_vis_precision,0.2499999895833337,24.999998958333368,1285.0,,,,ZUCK,7.0,24.0,,,
station_event_sites,low_vis_recall,0.857142734693895,85.7142734693895,1285.0,,,,ZUCK,7.0,24.0,,,
station_event_sites,accuracy,0.983657587548638,98.36575875486379,1285.0,,,,ZUCK,7.0,24.0,,,
station_event_sites,low_vis_precision,0.0,0.0,1285.0,,,,ZUGU,6.0,1.0,,,
station_event_sites,low_vis_recall,0.0,0.0,1285.0,,,,ZUGU,6.0,1.0,,,
station_event_sites,accuracy,0.9945525291828794,99.45525291828794,1285.0,,,,ZUGU,6.0,1.0,,,
station_event_sites,low_vis_precision,0.1249999960937501,12.49999960937501,1285.0,,,,ZUGY,7.0,32.0,,,
station_event_sites,low_vis_recall,0.57142848979593,57.142848979593,1285.0,,,,ZUGY,7.0,32.0,,,
station_event_sites,accuracy,0.9750972762645914,97.50972762645914,1285.0,,,,ZUGY,7.0,32.0,,,
station_event_sites,low_vis_precision,0.0410958901294802,4.10958901294802,1285.0,,,,ZULB,11.0,146.0,,,
station_event_sites,low_vis_recall,0.5454544958677732,54.545449586777316,1285.0,,,,ZULB,11.0,146.0,,,
station_event_sites,accuracy,0.8840466926070039,88.40466926070039,1285.0,,,,ZULB,11.0,146.0,,,
station_event_sites,low_vis_precision,0.47540982827197,47.540982827197,1285.0,,,,ZULZ,47.0,61.0,,,
station_event_sites,low_vis_recall,0.6170212634676328,61.70212634676327,1285.0,,,,ZULZ,47.0,61.0,,,
station_event_sites,accuracy,0.9540856031128404,95.40856031128403,1285.0,,,,ZULZ,47.0,61.0,,,
station_event_sites,low_vis_precision,0.3103448265160523,31.034482651605227,1285.0,,,,ZUMT,113.0,290.0,,,
station_event_sites,low_vis_recall,0.7964601699428304,79.64601699428304,1285.0,,,,ZUMT,113.0,290.0,,,
station_event_sites,accuracy,0.7976653696498055,79.76653696498055,1285.0,,,,ZUMT,113.0,290.0,,,
station_event_sites,low_vis_precision,0.1249999843750019,12.49999843750019,1285.0,,,,ZUMY,1.0,8.0,,,
station_event_sites,low_vis_recall,0.999999000001,99.9999000001,1285.0,,,,ZUMY,1.0,8.0,,,
station_event_sites,accuracy,0.993774319066148,99.3774319066148,1285.0,,,,ZUMY,1.0,8.0,,,
station_event_sites,low_vis_precision,0.6481481361454049,64.81481361454048,1285.0,,,,ZUNC,63.0,54.0,,,
station_event_sites,low_vis_recall,0.5555555467372135,55.55555467372135,1285.0,,,,ZUNC,63.0,54.0,,,
station_event_sites,accuracy,0.9501945525291828,95.01945525291828,1285.0,,,,ZUNC,63.0,54.0,,,
station_event_sites,low_vis_precision,0.2499999982638889,24.99999982638889,1285.0,,,,ZUQJ,43.0,144.0,,,
station_event_sites,low_vis_recall,0.8372092828555981,83.72092828555981,1285.0,,,,ZUQJ,43.0,144.0,,,
station_event_sites,accuracy,0.8980544747081712,89.80544747081713,1285.0,,,,ZUQJ,43.0,144.0,,,
station_event_sites,low_vis_precision,0.138461536331361,13.8461536331361,1285.0,,,,ZUTF,14.0,65.0,,,
station_event_sites,low_vis_recall,0.6428570969387788,64.28570969387788,1285.0,,,,ZUTF,14.0,65.0,,,
station_event_sites,accuracy,0.9494163424124512,94.94163424124513,1285.0,,,,ZUTF,14.0,65.0,,,
station_event_sites,low_vis_precision,0.0,0.0,1285.0,,,,ZUTR,3.0,20.0,,,
station_event_sites,low_vis_recall,0.0,0.0,1285.0,,,,ZUTR,3.0,20.0,,,
station_event_sites,accuracy,0.982101167315175,98.2101167315175,1285.0,,,,ZUTR,3.0,20.0,,,
station_event_sites,low_vis_precision,0.1041666644965278,10.41666644965278,1285.0,,,,ZUUU,5.0,48.0,,,
station_event_sites,low_vis_recall,0.99999980000004,99.999980000004,1285.0,,,,ZUUU,5.0,48.0,,,
station_event_sites,accuracy,0.9665369649805448,96.65369649805447,1285.0,,,,ZUUU,5.0,48.0,,,
station_event_sites,low_vis_precision,0.3728813527721919,37.28813527721919,1285.0,,,,ZUWX,67.0,118.0,,,
station_event_sites,low_vis_recall,0.6567164081087103,65.67164081087104,1285.0,,,,ZUWX,67.0,118.0,,,
station_event_sites,accuracy,0.9206225680933852,92.06225680933852,1285.0,,,,ZUWX,67.0,118.0,,,
station_event_sites,low_vis_precision,0.1707317052349792,17.073170523497918,1285.0,,,,ZUYB,18.0,82.0,,,
station_event_sites,low_vis_recall,0.7777777345679036,77.77777345679036,1285.0,,,,ZUYB,18.0,82.0,,,
station_event_sites,accuracy,0.9392996108949416,93.92996108949416,1285.0,,,,ZUYB,18.0,82.0,,,
station_event_sites,low_vis_precision,0.016528925483232,1.6528925483232,1285.0,,,,ZUYI,7.0,121.0,,,
station_event_sites,low_vis_recall,0.285714244897965,28.5714244897965,1285.0,,,,ZUYI,7.0,121.0,,,
station_event_sites,accuracy,0.9019455252918288,90.19455252918289,1285.0,,,,ZUYI,7.0,121.0,,,
station_event_sites,low_vis_precision,0.3181818109504134,31.818181095041343,1285.0,,,,ZUZY,22.0,44.0,,,
station_event_sites,low_vis_recall,0.6363636074380178,63.63636074380178,1285.0,,,,ZUZY,22.0,44.0,,,
station_event_sites,accuracy,0.9618677042801556,96.18677042801555,1285.0,,,,ZUZY,22.0,44.0,,,
station_event_sites,low_vis_precision,0.2173912948960306,21.73912948960306,1285.0,,,,ZWAT,6.0,23.0,,,
station_event_sites,low_vis_recall,0.8333331944444675,83.33331944444676,1285.0,,,,ZWAT,6.0,23.0,,,
station_event_sites,accuracy,0.9844357976653696,98.44357976653696,1285.0,,,,ZWAT,6.0,23.0,,,
station_event_sites,low_vis_precision,0.1717171699826548,17.17171699826548,1285.0,,,,ZWHZ,105.0,99.0,,,
station_event_sites,low_vis_recall,0.1619047603628118,16.19047603628118,1285.0,,,,ZWHZ,105.0,99.0,,,
station_event_sites,accuracy,0.863035019455253,86.3035019455253,1285.0,,,,ZWHZ,105.0,99.0,,,
station_event_sites,low_vis_precision,0.0,0.0,1285.0,,,,ZWKC,1.0,30.0,,,
station_event_sites,low_vis_recall,0.0,0.0,1285.0,,,,ZWKC,1.0,30.0,,,
station_event_sites,accuracy,0.9758754863813228,97.58754863813228,1285.0,,,,ZWKC,1.0,30.0,,,
station_event_sites,low_vis_precision,0.0,0.0,1277.0,,,,ZWKM,7.0,18.0,,,
station_event_sites,low_vis_recall,0.0,0.0,1277.0,,,,ZWKM,7.0,18.0,,,
station_event_sites,accuracy,0.980422866092404,98.0422866092404,1277.0,,,,ZWKM,7.0,18.0,,,
station_event_sites,low_vis_precision,0.0232558136830719,2.32558136830719,1285.0,,,,ZWSC,2.0,86.0,,,
station_event_sites,low_vis_recall,0.99999950000025,99.999950000025,1285.0,,,,ZWSC,2.0,86.0,,,
station_event_sites,accuracy,0.933852140077821,93.3852140077821,1285.0,,,,ZWSC,2.0,86.0,,,
station_event_sites,low_vis_precision,0.2437499984765625,24.37499984765625,1285.0,,,,ZWWW,140.0,160.0,,,
station_event_sites,low_vis_recall,0.2785714265816327,27.85714265816327,1285.0,,,,ZWWW,140.0,160.0,,,
station_event_sites,accuracy,0.8132295719844358,81.32295719844358,1285.0,,,,ZWWW,140.0,160.0,,,
station_event_sites,low_vis_precision,0.0681818166322314,6.81818166322314,1285.0,,,,ZWYN,34.0,44.0,,,
station_event_sites,low_vis_recall,0.0882352915224914,8.82352915224914,1285.0,,,,ZWYN,34.0,44.0,,,
station_event_sites,accuracy,0.9439688715953308,94.39688715953308,1285.0,,,,ZWYN,34.0,44.0,,,
station_event_sites,low_vis_precision,0.5172413614744358,51.72413614744358,1285.0,,,,ZYAS,18.0,29.0,,,
station_event_sites,low_vis_recall,0.8333332870370396,83.33332870370396,1285.0,,,,ZYAS,18.0,29.0,,,
station_event_sites,accuracy,0.9844357976653696,98.44357976653696,1285.0,,,,ZYAS,18.0,29.0,,,
station_event_sites,low_vis_precision,0.0,0.0,1285.0,,,,ZYCC,1.0,0.0,,,
station_event_sites,low_vis_recall,0.0,0.0,1285.0,,,,ZYCC,1.0,0.0,,,
station_event_sites,accuracy,0.9992217898832684,99.92217898832683,1285.0,,,,ZYCC,1.0,0.0,,,
station_event_sites,low_vis_precision,0.0,0.0,1285.0,,,,ZYHB,8.0,0.0,,,
station_event_sites,low_vis_recall,0.0,0.0,1285.0,,,,ZYHB,8.0,0.0,,,
station_event_sites,accuracy,0.993774319066148,99.3774319066148,1285.0,,,,ZYHB,8.0,0.0,,,
station_event_sites,low_vis_precision,0.0833333263888894,8.33333263888894,1285.0,,,,ZYHE,3.0,12.0,,,
station_event_sites,low_vis_recall,0.3333332222222592,33.33332222222592,1285.0,,,,ZYHE,3.0,12.0,,,
station_event_sites,accuracy,0.9898832684824904,98.98832684824905,1285.0,,,,ZYHE,3.0,12.0,,,
station_event_sites,low_vis_precision,0.0,0.0,1285.0,,,,ZYJS,2.0,1.0,,,
station_event_sites,low_vis_recall,0.0,0.0,1285.0,,,,ZYJS,2.0,1.0,,,
station_event_sites,accuracy,0.9976653696498056,99.76653696498056,1285.0,,,,ZYJS,2.0,1.0,,,
station_event_sites,low_vis_precision,0.4210526094182837,42.10526094182837,1285.0,,,,ZYJZ,10.0,19.0,,,
station_event_sites,low_vis_recall,0.7999999200000081,79.9999920000008,1285.0,,,,ZYJZ,10.0,19.0,,,
station_event_sites,accuracy,0.9891050583657588,98.91050583657588,1285.0,,,,ZYJZ,10.0,19.0,,,
station_event_sites,low_vis_precision,0.0,0.0,1285.0,,,,ZYQQ,3.0,5.0,,,
station_event_sites,low_vis_recall,0.0,0.0,1285.0,,,,ZYQQ,3.0,5.0,,,
station_event_sites,accuracy,0.993774319066148,99.3774319066148,1285.0,,,,ZYQQ,3.0,5.0,,,
station_event_sites,low_vis_precision,0.0,0.0,1285.0,,,,ZYTL,7.0,9.0,,,
station_event_sites,low_vis_recall,0.0,0.0,1285.0,,,,ZYTL,7.0,9.0,,,
station_event_sites,accuracy,0.9875486381322958,98.75486381322958,1285.0,,,,ZYTL,7.0,9.0,,,
station_event_sites,low_vis_precision,0.2352941107266438,23.52941107266438,1285.0,,,,ZYTX,15.0,34.0,,,
station_event_sites,low_vis_recall,0.5333332977777802,53.33332977777802,1285.0,,,,ZYTX,15.0,34.0,,,
station_event_sites,accuracy,0.9727626459143968,97.27626459143967,1285.0,,,,ZYTX,15.0,34.0,,,
station_event_sites,low_vis_precision,0.0909090867768596,9.09090867768596,1285.0,,,,ZYYJ,6.0,22.0,,,
station_event_sites,low_vis_recall,0.333333277777787,33.3333277777787,1285.0,,,,ZYYJ,6.0,22.0,,,
station_event_sites,accuracy,0.980544747081712,98.0544747081712,1285.0,,,,ZYYJ,6.0,22.0,,,
station_event_sites,low_vis_precision,0.1470588192041524,14.705881920415239,1285.0,,,,ZYYK,5.0,34.0,,,
station_event_sites,low_vis_recall,0.99999980000004,99.999980000004,1285.0,,,,ZYYK,5.0,34.0,,,
station_event_sites,accuracy,0.9750972762645914,97.50972762645914,1285.0,,,,ZYYK,5.0,34.0,,,
confusion_matrix_counts,,,,,,,,,,,true_fog,pred_fog,347.0
confusion_matrix_counts,,,,,,,,,,,true_fog,pred_mist,67.0
confusion_matrix_counts,,,,,,,,,,,true_fog,pred_clear,304.0
confusion_matrix_counts,,,,,,,,,,,true_mist,pred_fog,146.0
confusion_matrix_counts,,,,,,,,,,,true_mist,pred_mist,105.0
confusion_matrix_counts,,,,,,,,,,,true_mist,pred_clear,373.0
confusion_matrix_counts,,,,,,,,,,,true_clear,pred_fog,1766.0
confusion_matrix_counts,,,,,,,,,,,true_clear,pred_mist,1204.0
confusion_matrix_counts,,,,,,,,,,,true_clear,pred_clear,217059.0
